Currency,Share
USD,87.57833165
EUR,31.391099
JPY,21.62170636
GBP,12.80012157
AUD,6.874188662
CAD,5.139336048
CHF,4.804041242
CNY,3.987705137
Total,200