CurrencyPair,Daily average turnover in bln USD,Share
USD/EUR,1171.847649,23.12725741
USD/JPY,900.784187,17.77762475
USD/GBP,469.8203834,9.272243674
USD/AUD,262.0378019,5.171504764
USD/CAD,218.3493381,4.309281462
USD/CNY,192.2054068,3.793312147
USD/CHF,180.35108,3.559358469
EUR/GBP,99.82731798,1.970164025
Total,5066.954666,100